s008a,2590354796960
v587b,2962139286896
test,2242111920
s005c,2652249830816
rk25ac,51672544000
s006b,2599795888576
lucas,8321292800
,117053440176
er051,3843404228368
rk25af,103210873600
three,3071987328
s005b,2672546538672
rk25aj,69254630400
rk25ao,84420857600
rk25ap,74354777600
gabor,1342144000
m0723,45671677952
s006a,2607598537872
m0804,439495425792
yo,4188225456
v560f,1223461471296
s003a,3866068012496
v591a,3744012786096
v255aj,2527661818432
v594a,5844452621296
v578a,860924448672
g309,7784435200
lame,1073715200
is,38653747200
s004a,2236268558992
v594b,5828338765312
s005a,2675362181504
methspec,2171531520
mama,1535993664
s007a,2547255603408
two,1279994720
s004c,2344195816752
s004b,2354926167888
18326,1476358400
